[
{
    "model": "cincuentaAmigos.bebidas",
    "fields": {
        "id": 1,
        "imagen": "/static/assets/menu/b1.png",
        "precio": 25,
        "nombre": "Vaso de agua",
        "descripcion": "Vaso de agua purificada."
    }
},
{
    "model": "cincuentaAmigos.bebidas",
    "fields": {
        "id": 2,
        "imagen": "/static/assets/menu/b2.png",
        "precio": 35,
        "nombre": "Limonada",
        "descripcion": "Vaso de limonada natural o mineral."
    }
},
{
    "model": "cincuentaAmigos.bebidas",
    "fields": {
        "id": 3,
        "imagen": "/static/assets/menu/b3.png",
        "precio": 35,
        "nombre": "Naranjada",
        "descripcion": "Vaso de naranjada natural o mineral."
    }
},
{
    "model": "cincuentaAmigos.bebidas",
    "fields": {
        "id": 4,
        "imagen": "/static/assets/menu/b4.png",
        "precio": 35,
        "nombre": "Refresco",
        "descripcion": "Refresco de distintas marcas."
    }
},
{
    "model": "cincuentaAmigos.bebidas",
    "fields": {
        "id": 5,
        "imagen": "/static/assets/menu/b5.png",
        "precio": 30,
        "nombre": "Agua de horchata",
        "descripcion": "Deliciosa agua fresca de horchata."
    }
},
{
    "model": "cincuentaAmigos.bebidas",
    "fields": {
        "id": 6,
        "imagen": "/static/assets/menu/b6.png",
        "precio": 30,
        "nombre": "Agua de jamaica",
        "descripcion": "Deliciosa agua fresca de jamaica."
    }
},
{
    "model": "cincuentaAmigos.bebidas",
    "fields": {
        "id": 7,
        "imagen": "/static/assets/menu/b7.png",
        "precio": 30,
        "nombre": "Agua de tamarindo",
        "descripcion": "Deliciosa agua fresca de tamarindo."
    }
},
{
    "model": "cincuentaAmigos.bebidas",
    "fields": {
        "id": 8,
        "imagen": "/static/assets/menu/b8.png",
        "precio": 30,
        "nombre": "Agua de piña",
        "descripcion": "Deliciosa agua fresca de piña."
    }
},
{
    "model": "cincuentaAmigos.bebidas",
    "fields": {
        "id": 9,
        "imagen": "/static/assets/menu/summer.png",
        "precio": 50,
        "nombre": "Summer",
        "descripcion": "Bebida de limón, piña y mango."
    }
},
{
    "model": "cincuentaAmigos.bebidas",
    "fields": {
        "id": 10,
        "imagen": "/static/assets/menu/mint.png",
        "precio": 50,
        "nombre": "Mint Tonic",
        "descripcion": "Agua de limón con un toque de menta."
    }
},
{
    "model": "cincuentaAmigos.bebidas",
    "fields": {
        "id": 11,
        "imagen": "/static/assets/menu/zumo.png",
        "precio": 50,
        "nombre": "Zumo",
        "descripcion": "Bebida de naranja, limón y piña."
    }
},
{
    "model": "cincuentaAmigos.bebidas",
    "fields": {
        "id": 12,
        "imagen": "/static/assets/menu/tropical.png",
        "precio": 50,
        "nombre": "Tropical Love",
        "descripcion": "Bebida de maracuyá, cereza y piña."
    }
}
]