[
{
    "model": "cincuentaAmigos.entradas",
    "fields": {
        "id": 1,
        "imagen": "/static/assets/menu/e1.png",
        "precio": 65,
        "nombre": "Caldo de pollo",
        "descripcion": "Calientito caldo de pollo con verduras."
    }
},
{
    "model": "cincuentaAmigos.entradas",
    "fields": {
        "id": 2,
        "imagen": "/static/assets/menu/e2.png",
        "precio": 50,
        "nombre": "Arroz al cilantro",
        "descripcion": "Arroz con un toque de sabor a delicioso cilantro."
    }
},
{
    "model": "cincuentaAmigos.entradas",
    "fields": {
        "id": 3,
        "imagen": "/static/assets/menu/e3.png",
        "precio": 110,
        "nombre": "Guacamole snack",
        "descripcion": "Plato de delicioso guacamole acompañado de totopos."
    }
},
{
    "model": "cincuentaAmigos.entradas",
    "fields": {
        "id": 4,
        "imagen": "/static/assets/menu/e4.png",
        "precio": 90,
        "nombre": "Fusilli en salsa blanca",
        "descripcion": "Deliciosa pasta fusilli con salsa a base de mantequilla con jamón."
    }
},
{
    "model": "cincuentaAmigos.entradas",
    "fields": {
        "id": 5,
        "imagen": "/static/assets/menu/e5.png",
        "precio": 60,
        "nombre": "Empanaditas",
        "descripcion": "Deliciosas orden de 3 empanaditas de queso con elote."
    }
},
{
    "model": "cincuentaAmigos.entradas",
    "fields": {
        "id": 6,
        "imagen": "/static/assets/menu/e6.png",
        "precio": 50,
        "nombre": "Croquetas de coliflor",
        "descripcion": "Saludable orden de 3 croquetas de coliflor."
    }
},
{
    "model": "cincuentaAmigos.entradas",
    "fields": {
        "id": 7,
        "imagen": "/static/assets/menu/e7.png",
        "precio": 80,
        "nombre": "Ensalada Caprese",
        "descripcion": "Delicia italiana que combina el sabor de la mozzarrella de búfala con el tomate y el aroma de las hojas de albahaca."
    }
},
{
    "model": "cincuentaAmigos.entradas",
    "fields": {
        "id": 8,
        "imagen": "/static/assets/menu/e8.png",
        "precio": 110,
        "nombre": "Ensalada Waldorf",
        "descripcion": "Exquisita ensalada con manzana, nueces, apio, lechuga, pasas y mayonesa."
    }
},
{
    "model": "cincuentaAmigos.entradas",
    "fields": {
        "id": 9,
        "imagen": "/static/assets/menu/e9.png",
        "precio": 110,
        "nombre": "Ensalada griega",
        "descripcion": "Exquisita ensalada con tomate, cebolla, pepino, pimiento, queso feta y aceitunas negras."
    }
},
{
    "model": "cincuentaAmigos.entradas",
    "fields": {
        "id": 10,
        "imagen": "/static/assets/menu/e10.png",
        "precio": 60,
        "nombre": "Brocheta de camarón",
        "descripcion": "Deliciosa brocheta de camarón con pimiento."
    }
},
{
    "model": "cincuentaAmigos.entradas",
    "fields": {
        "id": 11,
        "imagen": "/static/assets/menu/e11.png",
        "precio": 45,
        "nombre": "Banderillas de plátano",
        "descripcion": "Exquisita orden de 3 banderillas de plátano."
    }
},
{
    "model": "cincuentaAmigos.entradas",
    "fields": {
        "id": 12,
        "imagen": "/static/assets/menu/e12.png",
        "precio": 50,
        "nombre": "Tostada de ceviche",
        "descripcion": "Fresca tostada de ceviche con aguacate."
    }
}
]