[
{
    "model": "cincuentaAmigos.fuerte",
    "fields": {
        "id": 1,
        "imagen": "/static/assets/menu/f1.png",
        "precio": 90,
        "nombre": "Hamburguesa de carne",
        "descripcion": "Deliciosa hamburguesa de carne con queso amarillo, lechuga, jitomate y papas."
    }
},
{
    "model": "cincuentaAmigos.fuerte",
    "fields": {
        "id": 2,
        "imagen": "/static/assets/menu/f2.png",
        "precio": 90,
        "nombre": "Hamburguesa de pollo",
        "descripcion": "Deliciosa hamburguesa de pollo, queso amarillo, lechuga, jitomate y papas."
    }
},
{
    "model": "cincuentaAmigos.fuerte",
    "fields": {
        "id": 3,
        "imagen": "/static/assets/menu/f3.png",
        "precio": 110,
        "nombre": "Hamburguesa BBQ",
        "descripcion": "Deliciosa hamburguesa de carne con salsa BBQ, aros de cebolla y papas."
    }
},
{
    "model": "cincuentaAmigos.fuerte",
    "fields": {
        "id": 4,
        "imagen": "/static/assets/menu/f4.png",
        "precio": 130,
        "nombre": "Hamburguesa doble",
        "descripcion": "Deliciosa hamburguesa de doble carne, queso amarillo, lechuga y jitomate."
    }
},
{
    "model": "cincuentaAmigos.fuerte",
    "fields": {
        "id": 5,
        "imagen": "/static/assets/menu/f5.png",
        "precio": 120,
        "nombre": "Enchiladas verdes",
        "descripcion": "Exquisitas enchiladas verdes con crema y queso."
    }
},
{
    "model": "cincuentaAmigos.fuerte",
    "fields": {
        "id": 6,
        "imagen": "/static/assets/menu/f6.png",
        "precio": 120,
        "nombre": "Eenchiladas de mole",
        "descripcion": "Exquisitas enchiladas de mole con cebolla y queso."
    }
},
{
    "model": "cincuentaAmigos.fuerte",
    "fields": {
        "id": 7,
        "imagen": "/static/assets/menu/f7.png",
        "precio": 120,
        "nombre": "Enchiladas suizas",
        "descripcion": "Exquisitas enchiladas suizas con crema y queso."
    }
},
{
    "model": "cincuentaAmigos.fuerte",
    "fields": {
        "id": 8,
        "imagen": "/static/assets/menu/f8.png",
        "precio": 110,
        "nombre": "Coctel de camarón",
        "descripcion": "Copa de cóctel de camarón con aguacate."
    }
},
{
    "model": "cincuentaAmigos.fuerte",
    "fields": {
        "id": 9,
        "imagen": "/static/assets/menu/f9.png",
        "precio": 60,
        "nombre": "Tacos de cochinita",
        "descripcion": "Orden de 3 tacos de cochinita acompañados de cebolla."
    }
},
{
    "model": "cincuentaAmigos.fuerte",
    "fields": {
        "id": 10,
        "imagen": "/static/assets/menu/f10.png",
        "precio": 60,
        "nombre": "Tacos de pastor",
        "descripcion": "Orden de 3 tacos de al pastor con piña."
    }
},
{
    "model": "cincuentaAmigos.fuerte",
    "fields": {
        "id": 11,
        "imagen": "/static/assets/menu/f11.png",
        "precio": 80,
        "nombre": "Pozole",
        "descripcion": "Rico pozole rojo de carne."
    }
},
{
    "model": "cincuentaAmigos.fuerte",
    "fields": {
        "id": 12,
        "imagen": "/static/assets/menu/f12.png",
        "precio": 165,
        "nombre": "Pechuga asada con ensalada",
        "descripcion": "Pechuga asada con ensalada de lechuga y jitomate."
    }
}
]