[
{
    "model": "cincuentaAmigos.helado",
    "fields": {
        "id": 1,
        "imagen": "/static/assets/menu/limon.png",
        "precio": 30,
        "nombre": "Limón",
        "descripcion": ""
    }
},
{
    "model": "cincuentaAmigos.helado",
    "fields": {
        "id": 2,
        "imagen": "/static/assets/menu/mango.png",
        "precio": 30,
        "nombre": "Mango",
        "descripcion": ""
    }
},
{
    "model": "cincuentaAmigos.helado",
    "fields": {
        "id": 3,
        "imagen": "/static/assets/menu/mandarina.png",
        "precio": 30,
        "nombre": "Mandarina",
        "descripcion": ""
    }
},{
    "model": "cincuentaAmigos.helado",
    "fields": {
        "id": 4,
        "imagen": "/static/assets/menu/fresa.png",
        "precio": 30,
        "nombre": "Fresa",
        "descripcion": ""
    }
},
{
    "model": "cincuentaAmigos.helado",
    "fields": {
        "id": 5,
        "imagen": "/static/assets/menu/vainilla.png",
        "precio": 30,
        "nombre": "Vainilla",
        "descripcion": ""
    }
},
{
    "model": "cincuentaAmigos.helado",
    "fields": {
        "id": 6,
        "imagen": "/static/assets/menu/chocolate.png",
        "precio": 30,
        "nombre": "Chocolate",
        "descripcion": ""
    }
},
{
    "model": "cincuentaAmigos.helado",
    "fields": {
        "id": 7,
        "imagen": "/static/assets/menu/amargo.png",
        "precio": 30,
        "nombre": "Chocolate amargo",
        "descripcion": ""
    }
},
{
    "model": "cincuentaAmigos.helado",
    "fields": {
        "id": 8,
        "imagen": "/static/assets/menu/nuez.png",
        "precio": 30,
        "nombre": "Nuez",
        "descripcion": ""
    }
},
{
    "model": "cincuentaAmigos.helado",
    "fields": {
        "id": 9,
        "imagen": "/static/assets/menu/chicle.png",
        "precio": 30,
        "nombre": "Chicle",
        "descripcion": ""
    }
},
{
    "model": "cincuentaAmigos.helado",
    "fields": {
        "id": 10,
        "imagen": "/static/assets/menu/coco.png",
        "precio": 30,
        "nombre": "Coco",
        "descripcion": ""
    }
},
{
    "model": "cincuentaAmigos.helado",
    "fields": {
        "id": 11,
        "imagen": "/static/assets/menu/queso.png",
        "precio": 30,
        "nombre": "Queso con zarzamora",
        "descripcion": ""
    }
},
{
    "model": "cincuentaAmigos.helado",
    "fields": {
        "id": 12,
        "imagen": "/static/assets/menu/pistache.png",
        "precio": 30,
        "nombre": "Pistache",
        "descripcion": ""
    }
}
]