[
{
    "model": "cincuentaAmigos.postres",
    "fields": {
        "id": 1,
        "imagen": "/static/assets/menu/p1.png",
        "precio": 40,
        "nombre": "Arroz con leche",
        "descripcion": "Delicioso arroz con leche y canela."
    }
},
{
    "model": "cincuentaAmigos.postres",
    "fields": {
        "id": 2,
        "imagen": "/static/assets/menu/napolitano.jpg",
        "precio": 45,
        "nombre": "Flan napolitano",
        "descripcion": "Delicioso flan napolitano casero."
    }
},
{
    "model": "cincuentaAmigos.postres",
    "fields": {
        "id": 3,
        "imagen": "/static/assets/menu/p3.png",
        "precio": 60,
        "nombre": "Rebanada de pastel",
        "descripcion": "Rebanada de distintos sabores de pastel."
    }
},
{
    "model": "cincuentaAmigos.postres",
    "fields": {
        "id": 4,
        "imagen": "/static/assets/menu/fresas.jpg",
        "precio": 50,
        "nombre": "Fresas con crema",
        "descripcion": "Deliciosa copa de fresas con crema."
    }
},
{
    "model": "cincuentaAmigos.postres",
    "fields": {
        "id": 5,
        "imagen": "/static/assets/menu/p5.png",
        "precio": 40,
        "nombre": "Gelatina",
        "descripcion": "Gelatina de sabores con crema."
    }
},
{
    "model": "cincuentaAmigos.postres",
    "fields": {
        "id": 6,
        "imagen": "/static/assets/menu/p6.png",
        "precio": 40,
        "nombre": "Tarta de frutas",
        "descripcion": "Deliciosa tarta de frutos rojos."
    }
}
]